{"cameraMode":{"drawMode":0,"name":"Shaded","section":"Shading Mode"},"sceneLighting":true,"audioPlay":false,"sceneViewState":{"showFog":true,"showMaterialUpdate":false,"showSkybox":true,"showFlares":true,"showImageEffects":true,"showParticleSystems":true},"in2DMode":false,"pivot":{"x":-2.0878968238830568,"y":-26.391618728637697,"z":24.394243240356447},"rotation":{"x":-0.37735870480537417,"y":0.03942837566137314,"z":-0.016084367409348489,"w":-0.9250876307487488},"size":47.86422348022461,"orthographic":false}